{
    "loss": 0.6777215600013733,
    "accuracy": 0.9396551847457886
}